,Unnamed: 0,A,B,C
count,6.0,6.0,6.0,6.0
mean,2.5,2.6666666666666665,4.816666666666666,6.5
std,1.8708286933869707,1.3662601021279464,7.760519742044773,9.974968671630002
min,0.0,1.0,-1.0,-4.0
25%,1.25,2.0,0.3,2.25
50%,2.5,2.5,2.7,3.5
75%,3.75,3.0,4.425,7.75
max,5.0,5.0,20.0,25.0
